0.0	0.0
0.0002700446801198016	0.05194805194805195
0.0002700446801198016	0.05411255411255411
0.0002700446801198016	0.05627705627705628
0.0002700446801198016	0.05844155844155844
0.0002700446801198016	0.06060606060606061
0.0002700446801198016	0.06277056277056277
0.0002700446801198016	0.06493506493506493
0.0002700446801198016	0.0670995670995671
0.0002700446801198016	0.06926406926406926
0.0002700446801198016	0.07142857142857142
0.0002700446801198016	0.0735930735930736
0.0002945941964943291	0.0735930735930736
0.0003191437128688565	0.0735930735930736
0.0003191437128688565	0.07575757575757576
0.0003191437128688565	0.07792207792207792
0.0003436932292433839	0.07792207792207792
0.0003436932292433839	0.08008658008658008
0.0003436932292433839	0.08225108225108226
0.0003436932292433839	0.08441558441558442
0.0003436932292433839	0.08658008658008658
0.0003436932292433839	0.08874458874458875
0.0003436932292433839	0.09090909090909091
0.0003436932292433839	0.09307359307359307
0.0003436932292433839	0.09523809523809523
0.00036824274561791134	0.09523809523809523
0.00036824274561791134	0.09740259740259741
0.00036824274561791134	0.09956709956709957
0.00039279226199243875	0.09956709956709957
0.00039279226199243875	0.10173160173160173
0.00039279226199243875	0.1038961038961039
0.00041734177836696615	0.1038961038961039
0.00041734177836696615	0.10606060606060606
0.00041734177836696615	0.10822510822510822
0.00041734177836696615	0.11038961038961038
0.00041734177836696615	0.11255411255411256
0.0004418912947414936	0.11255411255411256
0.0004418912947414936	0.11471861471861472
0.0004418912947414936	0.11688311688311688
0.0004418912947414936	0.11904761904761904
0.0004418912947414936	0.12121212121212122
0.0004418912947414936	0.12337662337662338
0.0004418912947414936	0.12554112554112554
0.0004418912947414936	0.1277056277056277
0.0004418912947414936	0.12987012987012986
0.0004418912947414936	0.13203463203463203
0.0004418912947414936	0.1341991341991342
0.0004418912947414936	0.13636363636363635
0.0004418912947414936	0.13852813852813853
0.0004418912947414936	0.1406926406926407
0.0004418912947414936	0.14285714285714285
0.0004418912947414936	0.14502164502164502
0.0004418912947414936	0.1471861471861472
0.0004418912947414936	0.14935064935064934
0.0004418912947414936	0.15151515151515152
0.000466440811116021	0.15151515151515152
0.000466440811116021	0.15367965367965367
0.000466440811116021	0.15584415584415584
0.000466440811116021	0.15800865800865802
0.000466440811116021	0.16017316017316016
0.000466440811116021	0.16233766233766234
0.000466440811116021	0.1645021645021645
0.000466440811116021	0.16666666666666666
0.000466440811116021	0.16883116883116883
0.000466440811116021	0.170995670995671
0.000466440811116021	0.17316017316017315
0.000466440811116021	0.17532467532467533
0.000466440811116021	0.1774891774891775
0.000466440811116021	0.17965367965367965
0.000466440811116021	0.18181818181818182
0.000466440811116021	0.18398268398268397
0.000466440811116021	0.18614718614718614
0.000466440811116021	0.18831168831168832
0.000466440811116021	0.19047619047619047
0.000466440811116021	0.19264069264069264
0.000466440811116021	0.19480519480519481
0.000466440811116021	0.19696969696969696
0.000466440811116021	0.19913419913419914
0.000466440811116021	0.2012987012987013
0.000466440811116021	0.20346320346320346
0.000466440811116021	0.20562770562770563
0.000466440811116021	0.2077922077922078
0.000466440811116021	0.20995670995670995
0.000466440811116021	0.21212121212121213
0.000466440811116021	0.21428571428571427
0.000466440811116021	0.21645021645021645
0.000466440811116021	0.21861471861471862
0.000466440811116021	0.22077922077922077
0.000466440811116021	0.22294372294372294
0.000466440811116021	0.22510822510822512
0.000466440811116021	0.22727272727272727
0.000466440811116021	0.22943722943722944
0.000466440811116021	0.23160173160173161
0.000466440811116021	0.23376623376623376
0.000466440811116021	0.23593073593073594
0.000466440811116021	0.23809523809523808
0.000466440811116021	0.24025974025974026
0.000466440811116021	0.24242424242424243
0.000466440811116021	0.24458874458874458
0.000466440811116021	0.24675324675324675
0.000466440811116021	0.24891774891774893
0.000466440811116021	0.2510822510822511
0.000466440811116021	0.2532467532467532
0.000466440811116021	0.2554112554112554
0.000466440811116021	0.25757575757575757
0.000466440811116021	0.2597402597402597
0.000466440811116021	0.2619047619047619
0.000466440811116021	0.26406926406926406
0.000466440811116021	0.2662337662337662
0.000466440811116021	0.2683982683982684
0.000466440811116021	0.27056277056277056
0.000466440811116021	0.2727272727272727
0.000466440811116021	0.2748917748917749
0.000466440811116021	0.27705627705627706
0.000466440811116021	0.2792207792207792
0.000466440811116021	0.2813852813852814
0.000466440811116021	0.28354978354978355
0.000466440811116021	0.2857142857142857
0.000466440811116021	0.2878787878787879
0.000466440811116021	0.29004329004329005
0.000466440811116021	0.2922077922077922
0.000466440811116021	0.2943722943722944
0.000466440811116021	0.29653679653679654
0.000466440811116021	0.2987012987012987
0.000466440811116021	0.3008658008658009
0.000466440811116021	0.30303030303030304
0.000466440811116021	0.3051948051948052
0.000466440811116021	0.30735930735930733
0.000466440811116021	0.30952380952380953
0.000466440811116021	0.3116883116883117
0.000466440811116021	0.31385281385281383
0.000466440811116021	0.31601731601731603
0.000466440811116021	0.3181818181818182
0.000466440811116021	0.3203463203463203
0.000466440811116021	0.3225108225108225
0.000466440811116021	0.3246753246753247
0.000466440811116021	0.3268398268398268
0.000466440811116021	0.329004329004329
0.000466440811116021	0.33116883116883117
0.000466440811116021	0.3333333333333333
0.000466440811116021	0.3354978354978355
0.000466440811116021	0.33766233766233766
0.000466440811116021	0.3398268398268398
0.000466440811116021	0.341991341991342
0.000466440811116021	0.34415584415584416
0.000466440811116021	0.3463203463203463
0.000466440811116021	0.3484848484848485
0.000466440811116021	0.35064935064935066
0.000466440811116021	0.3528138528138528
0.000466440811116021	0.354978354978355
0.000466440811116021	0.35714285714285715
0.000466440811116021	0.3593073593073593
0.000466440811116021	0.36147186147186144
0.000466440811116021	0.36363636363636365
0.000466440811116021	0.3658008658008658
0.000466440811116021	0.36796536796536794
0.000466440811116021	0.37012987012987014
0.000466440811116021	0.3722943722943723
0.000466440811116021	0.37445887445887444
0.000466440811116021	0.37662337662337664
0.000466440811116021	0.3787878787878788
0.000466440811116021	0.38095238095238093
0.000466440811116021	0.38311688311688313
0.000466440811116021	0.3852813852813853
0.000466440811116021	0.3874458874458874
0.000466440811116021	0.38961038961038963
0.000466440811116021	0.3917748917748918
0.000466440811116021	0.3939393939393939
0.000466440811116021	0.3961038961038961
0.000466440811116021	0.39826839826839827
0.000466440811116021	0.4004329004329004
0.000466440811116021	0.4025974025974026
0.000466440811116021	0.40476190476190477
0.000466440811116021	0.4069264069264069
0.000466440811116021	0.4090909090909091
0.000466440811116021	0.41125541125541126
0.000466440811116021	0.4134199134199134
0.000466440811116021	0.4155844155844156
0.000466440811116021	0.41774891774891776
0.000466440811116021	0.4199134199134199
0.000466440811116021	0.42207792207792205
0.000466440811116021	0.42424242424242425
0.000466440811116021	0.4264069264069264
0.000466440811116021	0.42857142857142855
0.000466440811116021	0.43073593073593075
0.000466440811116021	0.4329004329004329
0.000466440811116021	0.43506493506493504
0.000466440811116021	0.43722943722943725
0.000466440811116021	0.4393939393939394
0.000466440811116021	0.44155844155844154
0.000466440811116021	0.44372294372294374
0.000466440811116021	0.4458874458874459
0.000466440811116021	0.44805194805194803
0.000466440811116021	0.45021645021645024
0.000466440811116021	0.4523809523809524
0.000466440811116021	0.45454545454545453
0.000466440811116021	0.45670995670995673
0.000466440811116021	0.4588744588744589
0.000466440811116021	0.461038961038961
0.000466440811116021	0.46320346320346323
0.000466440811116021	0.4653679653679654
0.000466440811116021	0.4675324675324675
0.000466440811116021	0.4696969696969697
0.000466440811116021	0.47186147186147187
0.000466440811116021	0.474025974025974
0.000466440811116021	0.47619047619047616
0.000466440811116021	0.47835497835497837
0.000466440811116021	0.4805194805194805
0.000466440811116021	0.48268398268398266
0.000466440811116021	0.48484848484848486
0.000466440811116021	0.487012987012987
0.000466440811116021	0.48917748917748916
0.000466440811116021	0.49134199134199136
0.000466440811116021	0.4935064935064935
0.000466440811116021	0.49567099567099565
0.0004909903274905484	0.49567099567099565
0.0004909903274905484	0.49783549783549785
0.0004909903274905484	0.5
0.0004909903274905484	0.5021645021645021
0.0004909903274905484	0.5043290043290043
0.0004909903274905484	0.5064935064935064
0.0004909903274905484	0.5086580086580087
0.0004909903274905484	0.5108225108225108
0.0004909903274905484	0.512987012987013
0.0004909903274905484	0.5151515151515151
0.0004909903274905484	0.5173160173160173
0.0004909903274905484	0.5194805194805194
0.0004909903274905484	0.5216450216450217
0.0004909903274905484	0.5238095238095238
0.0004909903274905484	0.525974025974026
0.0004909903274905484	0.5281385281385281
0.0004909903274905484	0.5303030303030303
0.0004909903274905484	0.5324675324675324
0.0004909903274905484	0.5346320346320347
0.0004909903274905484	0.5367965367965368
0.0004909903274905484	0.538961038961039
0.0004909903274905484	0.5411255411255411
0.0004909903274905484	0.5432900432900433
0.0004909903274905484	0.5454545454545454
0.0004909903274905484	0.5476190476190477
0.0004909903274905484	0.5497835497835498
0.0004909903274905484	0.551948051948052
0.0004909903274905484	0.5541125541125541
0.0004909903274905484	0.5562770562770563
0.0004909903274905484	0.5584415584415584
0.0004909903274905484	0.5606060606060606
0.0004909903274905484	0.5627705627705628
0.0004909903274905484	0.564935064935065
0.0004909903274905484	0.5670995670995671
0.0004909903274905484	0.5692640692640693
0.0004909903274905484	0.5714285714285714
0.0004909903274905484	0.5735930735930735
0.0004909903274905484	0.5757575757575758
0.0004909903274905484	0.577922077922078
0.0004909903274905484	0.5800865800865801
0.0005155398438650759	0.5800865800865801
0.0005155398438650759	0.5822510822510822
0.0005155398438650759	0.5844155844155844
0.0005155398438650759	0.5865800865800865
0.0005155398438650759	0.5887445887445888
0.0005155398438650759	0.5909090909090909
0.0005155398438650759	0.5930735930735931
0.0005155398438650759	0.5952380952380952
0.0005155398438650759	0.5974025974025974
0.0005155398438650759	0.5995670995670995
0.0005155398438650759	0.6017316017316018
0.0005155398438650759	0.6038961038961039
0.0005155398438650759	0.6060606060606061
0.0005155398438650759	0.6082251082251082
0.0005155398438650759	0.6103896103896104
0.0005155398438650759	0.6125541125541125
0.0005155398438650759	0.6147186147186147
0.0005155398438650759	0.6168831168831169
0.0005155398438650759	0.6190476190476191
0.0005155398438650759	0.6212121212121212
0.0005155398438650759	0.6233766233766234
0.0005155398438650759	0.6255411255411255
0.0005155398438650759	0.6277056277056277
0.0005155398438650759	0.6298701298701299
0.0005400893602396032	0.6298701298701299
0.0005400893602396032	0.6320346320346321
0.0005400893602396032	0.6341991341991342
0.0005400893602396032	0.6363636363636364
0.0005400893602396032	0.6385281385281385
0.0005400893602396032	0.6406926406926406
0.0005400893602396032	0.6428571428571429
0.0005400893602396032	0.645021645021645
0.0005400893602396032	0.6471861471861472
0.0005646388766141307	0.6471861471861472
0.0005646388766141307	0.6493506493506493
0.0005646388766141307	0.6515151515151515
0.0005646388766141307	0.6536796536796536
0.0005646388766141307	0.6558441558441559
0.0005646388766141307	0.658008658008658
0.0005646388766141307	0.6601731601731602
0.0005646388766141307	0.6623376623376623
0.0005646388766141307	0.6645021645021645
0.0005646388766141307	0.6666666666666666
0.0005891883929886581	0.6666666666666666
0.0005891883929886581	0.6688311688311688
0.0005891883929886581	0.670995670995671
0.0005891883929886581	0.6731601731601732
0.0005891883929886581	0.6753246753246753
0.0005891883929886581	0.6774891774891775
0.0005891883929886581	0.6796536796536796
0.0005891883929886581	0.6818181818181818
0.0006137379093631855	0.6818181818181818
0.000638287425737713	0.6818181818181818
0.000638287425737713	0.683982683982684
0.000638287425737713	0.6861471861471862
0.000638287425737713	0.6883116883116883
0.000638287425737713	0.6904761904761905
0.000638287425737713	0.6926406926406926
0.000638287425737713	0.6948051948051948
0.0006628369421122404	0.6948051948051948
0.0006628369421122404	0.696969696969697
0.0006628369421122404	0.6991341991341992
0.0006873864584867678	0.6991341991341992
0.0007119359748612952	0.6991341991341992
0.0007364854912358227	0.6991341991341992
0.0007364854912358227	0.7012987012987013
0.00076103500761035	0.7012987012987013
0.0007855845239848775	0.7012987012987013
0.0007855845239848775	0.7034632034632035
0.0007855845239848775	0.7056277056277056
0.0007855845239848775	0.7077922077922078
0.000810134040359405	0.7077922077922078
0.000810134040359405	0.70995670995671
0.000810134040359405	0.7121212121212122
0.000810134040359405	0.7142857142857143
0.000810134040359405	0.7164502164502164
0.000810134040359405	0.7186147186147186
0.000810134040359405	0.7207792207792207
0.0008346835567339323	0.7207792207792207
0.0008592330731084598	0.7207792207792207
0.0008837825894829872	0.7207792207792207
0.0009083321058575146	0.7207792207792207
0.0009083321058575146	0.7229437229437229
0.000932881622232042	0.7229437229437229
0.000932881622232042	0.7251082251082251
0.0009574311386065695	0.7251082251082251
0.0009574311386065695	0.7272727272727273
0.0009819806549810968	0.7272727272727273
0.0009819806549810968	0.7294372294372294
0.0010065301713556242	0.7294372294372294
0.0010310796877301518	0.7294372294372294
0.0010310796877301518	0.7316017316017316
0.001055629204104679	0.7316017316017316
0.0010801787204792065	0.7316017316017316
0.001104728236853734	0.7316017316017316
0.0011292777532282614	0.7316017316017316
0.0011538272696027887	0.7316017316017316
0.0011783767859773163	0.7316017316017316
0.0012029263023518436	0.7316017316017316
0.001227475818726371	0.7337662337662337
0.0012520253351008986	0.7337662337662337
0.001276574851475426	0.7337662337662337
0.0013011243678499533	0.7337662337662337
0.0013011243678499533	0.7359307359307359
0.0013256738842244808	0.7359307359307359
0.0013502234005990082	0.7359307359307359
0.001399322433348063	0.7359307359307359
0.0014238719497225904	0.7359307359307359
0.0014484214660971178	0.7359307359307359
0.0014729709824716454	0.7359307359307359
0.0014975204988461727	0.7359307359307359
0.0015220700152207	0.7359307359307359
0.0015957185643442823	0.7359307359307359
0.00162026808071881	0.7380952380952381
0.0016693671134678646	0.7380952380952381
0.0017430156625914469	0.7380952380952381
0.001865763244464084	0.7402597402597403
0.001914862277213139	0.7402597402597403
0.0019639613099621937	0.7402597402597403
0.001988510826336721	0.7402597402597403
0.0020130603427112484	0.7402597402597403
0.0020621593754603035	0.7424242424242424
0.002160357440958413	0.7424242424242424
0.002160357440958413	0.7445887445887446
0.0021849069573329407	0.7445887445887446
0.002209456473707468	0.7467532467532467
0.0022340059900819954	0.7489177489177489
0.0023322040555801052	0.7489177489177489
0.0024058526047036873	0.7489177489177489
0.0024304021210782146	0.7489177489177489
0.0024795011538272698	0.7489177489177489
0.0025286001865763245	0.7510822510822511
0.0026022487356999065	0.7510822510822511
0.0026267982520744343	0.7510822510822511
0.0026513477684489617	0.7510822510822511
0.002675897284823489	0.7510822510822511
0.002749545833947071	0.7510822510822511
0.002798644866696126	0.7510822510822511
0.0028231943830706535	0.7510822510822511
0.0028968429321942356	0.7510822510822511
0.0029459419649432907	0.7554112554112554
0.003019590514066873	0.7554112554112554
0.003068689546815928	0.7554112554112554
0.0030932390631904553	0.7554112554112554
0.0031177885795649826	0.7554112554112554
0.00314233809593951	0.7554112554112554
0.0031668876123140373	0.7554112554112554
0.0031914371286885647	0.7554112554112554
0.00324053616143762	0.7554112554112554
0.003265085677812147	0.7554112554112554
0.0032896351941866745	0.7554112554112554
0.003314184710561202	0.7554112554112554
0.003338734226935729	0.7554112554112554
0.0033878332596847843	0.7575757575757576
0.0034123827760593117	0.7575757575757576
0.0034860313251828937	0.7575757575757576
0.0035105808415574215	0.7575757575757576
0.003535130357931949	0.7575757575757576
0.0035596798743064762	0.7575757575757576
0.0035842293906810036	0.7575757575757576
0.003608778907055531	0.7575757575757576
0.0036333284234300583	0.7575757575757576
0.003657877939804586	0.7575757575757576
0.0037069769725536408	0.7575757575757576
0.0037069769725536408	0.7597402597402597
0.0037560760053026955	0.7597402597402597
0.0038788235871753327	0.7597402597402597
0.003927922619924387	0.7597402597402597
0.003927922619924387	0.7619047619047619
0.003952472136298915	0.7619047619047619
0.003952472136298915	0.7640692640692641
0.0040506702017970245	0.7640692640692641
0.004099769234546079	0.7640692640692641
0.004148868267295134	0.7640692640692641
0.0041979673000441895	0.7640692640692641
0.004296165365542299	0.7640692640692641
0.004345264398291354	0.7662337662337663
0.004369813914665881	0.7662337662337663
0.004418912947414936	0.7662337662337663
0.004541660529287573	0.7662337662337663
0.0046644081111602105	0.7662337662337663
0.004787155693032848	0.7662337662337663
0.0049835518240290665	0.7662337662337663
0.005057200373152649	0.7662337662337663
0.005204497471399813	0.7662337662337663
0.005449992635145087	0.7662337662337663
0.005646388766141307	0.7662337662337663
0.005867334413512054	0.7662337662337663
0.006112829577257328	0.7705627705627706
0.006309225708253548	0.7705627705627706
0.006530171355624294	0.7705627705627706
0.006751117002995041	0.7705627705627706
0.006922963617616733	0.7705627705627706
0.007217557814111062	0.7705627705627706
0.007364854912358227	0.7727272727272727
0.0076103500761035	0.7727272727272727
0.007855845239848775	0.7727272727272727
0.008150439436343105	0.7727272727272727
0.008322286050964797	0.7727272727272727
0.008445033632837433	0.7727272727272727
0.008788726862080817	0.7748917748917749
0.008985122993077037	0.7748917748917749
0.009083321058575147	0.7748917748917749
0.009279717189571365	0.7748917748917749
0.00942701428781853	0.7748917748917749
0.009770707517061914	0.7748917748917749
0.00999165316443266	0.7770562770562771
0.010138950262679825	0.7770562770562771
0.010163499779054353	0.7770562770562771
0.010433544459174155	0.7770562770562771
0.010556292041046791	0.7770562770562771
0.010777237688417539	0.7770562770562771
0.010850886237541121	0.7770562770562771
0.01104728236853734	0.7770562770562771
0.01114548043403545	0.7770562770562771
0.011390975597780724	0.7770562770562771
0.011587371728776942	0.7770562770562771
0.011931064958020326	0.7770562770562771
0.012004713507143909	0.7770562770562771
0.012348406736387292	0.7770562770562771
0.012593901900132567	0.7770562770562771
0.012888496096626897	0.7770562770562771
0.013109441743997642	0.7770562770562771
0.013354936907742917	0.7770562770562771
0.013649531104237247	0.7770562770562771
0.013796828202484412	0.7770562770562771
0.013944125300731575	0.7770562770562771
0.014066872882604213	0.7770562770562771
0.014361467079098541	0.7770562770562771
0.014533313693720233	0.7770562770562771
0.014680610791967398	0.7813852813852814
0.014901556439338146	0.7813852813852814
0.015073403053959837	0.7813852813852814
0.015367997250454166	0.7813852813852814
0.015490744832326804	0.7813852813852814
0.01571169047969755	0.7813852813852814
0.015834438061570186	0.7813852813852814
0.01600628467619188	0.7813852813852814
0.016153581774439044	0.7813852813852814
0.01627632935631168	0.7813852813852814
0.016399076938184317	0.7813852813852814
0.016644572101929593	0.7813852813852814
0.016840968232925812	0.7813852813852814
0.017012814847547502	0.7813852813852814
0.017160111945794667	0.7813852813852814
0.01723376049491825	0.7813852813852814
0.017307409044041832	0.7813852813852814
0.01752835469141258	0.7813852813852814
0.017749300338783327	0.7813852813852814
0.017896597437030492	0.7813852813852814
0.0179947955025286	0.7813852813852814
0.018142092600775764	0.7813852813852814
0.018240290666273876	0.7813852813852814
0.018436686797270094	0.7813852813852814
0.018534884862768202	0.7813852813852814
0.018706731477389896	0.7813852813852814
0.01885402857563706	0.7813852813852814
0.01902587519025875	0.7813852813852814
0.0192468208376295	0.7813852813852814
0.01932046938675308	0.7813852813852814
0.019369568419502135	0.7813852813852814
0.019590514066872882	0.7813852813852814
0.01981145971424363	0.7813852813852814
0.020032405361614377	0.7813852813852814
0.020130603427112485	0.7813852813852814
0.020155152943487013	0.7813852813852814
0.020253351008985124	0.7813852813852814
0.020400648107232286	0.7813852813852814
0.02047429665635587	0.7813852813852814
0.020597044238228508	0.7813852813852814
0.02143172779496244	0.7813852813852814
0.022536456031816175	0.7813852813852814
0.024033976530662346	0.7813852813852814
0.025310551382137773	0.7813852813852814
0.026218883487995285	0.7813852813852814
0.02744635930672166	0.7813852813852814
0.0286492856090735	0.7835497835497836
0.029827662395050816	0.7835497835497836
0.031128786762900772	0.7835497835497836
0.03230716354887809	0.7835497835497836
0.033559188883978984	0.7835497835497836
0.034786664702705354	0.7835497835497836
0.036136888103304364	0.7835497835497836
0.03729071537290715	0.7835497835497836
0.03851819119163352	0.7835497835497836
0.03999116217410517	0.7835497835497836
0.040997692345460794	0.7835497835497836
0.04220061864781264	0.7835497835497836
0.04320714881916826	0.7835497835497836
0.044311877056022	0.7835497835497836
0.045392055776501204	0.7857142857142857
0.04652133352972947	0.7878787878787878
0.047503314184710564	0.7878787878787878
0.04823979967594638	0.7878787878787878
0.04909903274905485	0.7878787878787878
0.05027740953503216	0.7878787878787878
0.051357588255511365	0.7878787878787878
0.052535965041488684	0.7878787878787878
0.05356704472921883	0.7878787878787878
0.05449992635145088	0.7878787878787878
0.05548190700643197	0.7878787878787878
0.05678303137428193	0.7878787878787878
0.05766681396376491	0.7878787878787878
0.05857514606962243	0.7878787878787878
0.059532577208229	0.7878787878787878
0.06039181028133746	0.7878787878787878
0.06139834045269308	0.7878787878787878
0.06255216772229587	0.7878787878787878
0.0638287425737713	0.7878787878787878
0.06481072322875239	0.7878787878787878
0.06591545146560612	0.7878787878787878
0.06692198163696175	0.79004329004329
0.06810035842293907	0.79004329004329
0.06900869052879659	0.79004329004329
0.06986792360190504	0.79004329004329
0.07084990425688614	0.7922077922077922
0.07185643442824176	0.7965367965367965
0.07298571218147003	0.7965367965367965
0.07404134138557471	0.7965367965367965
0.0749251239750577	0.7965367965367965
0.0760053026955369	0.7987012987012987
0.07701183286689252	0.7987012987012987
0.07799381352187362	0.7987012987012987
0.07909854175872735	0.7987012987012987
0.08012962144645751	0.7987012987012987
0.08106250306868955	0.8008658008658008
0.08206903324004518	0.8008658008658008
0.0830755634114008	0.8008658008658008
0.0840575440663819	0.8008658008658008
0.08491677713949035	0.8008658008658008
0.08587420827809693	0.8008658008658008
0.08673344135120538	0.803030303030303
0.08749447635881573	0.803030303030303
0.0882800608828006	0.803030303030303
0.08928659105415623	0.803030303030303
0.09019492316001375	0.803030303030303
0.09080866106937693	0.803030303030303
0.09161879510973633	0.803030303030303
0.0924780281828448	0.803030303030303
0.0931899641577061	0.803030303030303
0.09409829626356361	0.803030303030303
0.09478568272205037	0.803030303030303
0.09557126724603525	0.803030303030303
0.0966023469337654	0.803030303030303
0.09746158000687387	0.803030303030303
0.09824716453085874	0.803030303030303
0.09905729857121814	0.803030303030303
0.09994108116070113	0.803030303030303
0.10070211616831148	0.803030303030303
0.10151225020867088	0.803030303030303
0.10264152796189915	0.803030303030303
0.10352531055138214	0.803030303030303
0.1042126970098689	0.803030303030303
0.10494918250110473	0.803030303030303
0.10551382137771886	0.803030303030303
0.10669219816369617	0.803030303030303
0.10747778268768106	0.803030303030303
0.1085088623754112	0.803030303030303
0.1095890410958904	0.803030303030303
0.1104728236853734	0.803030303030303
0.11130750724210733	0.803030303030303
0.11251043354445918	0.803030303030303
0.11346786468306574	0.803030303030303
0.11427799872342514	0.803030303030303
0.11513723179653361	0.803030303030303
0.1160210143860166	0.8051948051948052
0.1171011931064958	0.8073593073593074
0.1178131290813571	0.8073593073593074
0.1187214611872146	0.8073593073593074
0.1193351990965778	0.8073593073593074
0.12019443216968625	0.8073593073593074
0.1208572691117985	0.8073593073593074
0.12179015073403054	0.8073593073593074
0.12235478961064467	0.8073593073593074
0.1229194284872588	0.8073593073593074
0.12380321107674179	0.8073593073593074
0.12498158786271911	0.8073593073593074
0.12547257819020965	0.8073593073593074
0.1263072617469436	0.8073593073593074
0.127117395787303	0.8073593073593074
0.12787843079491334	0.8073593073593074
0.12890951048264349	0.8073593073593074
0.12981784258850101	0.8073593073593074
0.13067707566160947	0.8095238095238095
0.13133991260372171	0.8095238095238095
0.13197820002945942	0.8116883116883117
0.13286198261894241	0.8116883116883117
0.1338439632739235	0.8116883116883117
0.1346540973142829	0.8116883116883117
0.13573427603476212	0.8116883116883117
0.13661805862424511	0.8116883116883117
0.13728089556635734	0.8116883116883117
0.13818922767221486	0.8116883116883117
0.1393921539745667	0.8138528138528138
0.1399322433348063	0.8138528138528138
0.1406441793096676	0.8138528138528138
0.14133156576815437	0.8138528138528138
0.1418962046447685	0.8138528138528138
0.14273088820150243	0.8138528138528138
0.14346737369273826	0.8138528138528138
0.14447390386409387	0.8138528138528138
0.1452103893553297	0.816017316017316
0.14584867678106742	0.816017316017316
0.146806107919674	0.8181818181818182
0.1477144400255315	0.8181818181818182
0.14862277213138902	0.8181818181818182
0.14955565375362107	0.8181818181818182
0.15016939166298424	0.8181818181818182
0.15095497618696913	0.8203463203463204
0.15186330829282663	0.8225108225108225
0.15274709088230962	0.8225108225108225
0.15336082879167282	0.8225108225108225
0.1542446113811558	0.8225108225108225
0.15517749300338785	0.8246753246753247
0.1558648794618746	0.8246753246753247
0.1567486620513576	0.8246753246753247
0.15750969705896795	0.8246753246753247
0.1585407767466981	0.8246753246753247
0.15930181175430844	0.8246753246753247
0.15991554966367164	0.8246753246753247
0.16079933225315463	0.8246753246753247
0.1615849167771395	0.8246753246753247
0.1623950508174989	0.8246753246753247
0.16318063534148378	0.8246753246753247
0.16401531889821772	0.8246753246753247
0.1646290568075809	0.8246753246753247
0.16539009181519124	0.8268398268398268
0.16600382972455444	0.8268398268398268
0.16688761231403743	0.8268398268398268
0.16752589973977514	0.8268398268398268
0.1681396376491383	0.8268398268398268
0.16897432120587225	0.8268398268398268
0.16978445524623165	0.8268398268398268
0.17069278735208918	0.8268398268398268
0.17138017381057594	0.8268398268398268
0.17219030785093534	0.8268398268398268
0.17307409044041833	0.8268398268398268
0.17383512544802868	0.829004329004329
0.17462070997201354	0.829004329004329
0.17552904207787107	0.8311688311688312
0.17626552756910688	0.8311688311688312
0.17705111209309177	0.8333333333333334
0.17773849855157853	0.8333333333333334
0.17854863259193793	0.8354978354978355
0.17938331614867187	0.8354978354978355
0.18024254922178032	0.8354978354978355
0.18090538616389257	0.8354978354978355
0.18176461923700102	0.8354978354978355
0.1826975008592331	0.8354978354978355
0.18340943683409436	0.8354978354978355
0.18436686797270094	0.8354978354978355
0.1850297049148132	0.8354978354978355
0.18579073992242354	0.8354978354978355
0.18669907202828104	0.8354978354978355
0.1873619089703933	0.8354978354978355
0.188000196396131	0.8354978354978355
0.18876123140374135	0.8354978354978355
0.18939951882947906	0.8376623376623377
0.1903324004517111	0.8376623376623377
0.19116708400844504	0.8376623376623377
0.19187901998330634	0.8376623376623377
0.19254185692541856	0.8376623376623377
0.1934501890312761	0.8376623376623377
0.1943585211371336	0.8376623376623377
0.19521775421024207	0.8376623376623377
0.19583149211960524	0.8398268398268398
0.1964206805125939	0.8398268398268398
0.19727991358570235	0.8398268398268398
0.19813914665881083	0.8398268398268398
0.19887563215004664	0.8398268398268398
0.1995384690921589	0.8398268398268398
0.2002749545833947	0.8398268398268398
0.2007168458781362	0.8398268398268398
0.20155152943487012	0.8398268398268398
0.20218981686060786	0.8398268398268398
0.2029508518682182	0.8398268398268398
0.20368733735945402	0.8398268398268398
0.20415377817057004	0.8398268398268398
0.2049148131781804	0.8398268398268398
0.20582314528403792	0.8398268398268398
0.2063632346442775	0.8398268398268398
0.2069769725536407	0.8398268398268398
0.20746796288113123	0.8398268398268398
0.20815534933961802	0.8398268398268398
0.20901458241272647	0.8398268398268398
0.20987381548583492	0.8398268398268398
0.21043845436244907	0.8398268398268398
0.21124858840280847	0.8398268398268398
0.21196052437766977	0.8398268398268398
0.21286885648352727	0.8398268398268398
0.2138017381057593	0.841991341991342
0.21480826827711494	0.841991341991342
0.21534835763735455	0.841991341991342
0.21608484312859036	0.841991341991342
0.21660038297245543	0.841991341991342
0.21750871507831296	0.841991341991342
0.21802425492217803	0.841991341991342
0.2187116413806648	0.841991341991342
0.21947267638827514	0.841991341991342
0.22035645897775813	0.841991341991342
0.22114204350174302	0.841991341991342
0.22190307850935337	0.841991341991342
0.22254136593509108	0.8441558441558441
0.22340059900819953	0.8441558441558441
0.224259832081308	0.8441558441558441
0.22492266902342023	0.8441558441558441
0.22553640693278343	0.8441558441558441
0.22600284774389945	0.8441558441558441
0.22713212549712772	0.8441558441558441
0.22806500711935976	0.8441558441558441
0.2289978887415918	0.8506493506493507
0.2298325722983257	0.8506493506493507
0.2306181568223106	0.8506493506493507
0.23142829086267	0.8506493506493507
0.23218932587028035	0.8528138528138528
0.2330240094270143	0.8528138528138528
0.233662296852752	0.8528138528138528
0.23425148524574066	0.8528138528138528
0.23503706976972555	0.8528138528138528
0.23567535719546326	0.8528138528138528
0.23651004075219717	0.8528138528138528
0.2368046349486915	0.8528138528138528
0.2374920214071783	0.8528138528138528
0.2384003535130358	0.8528138528138528
0.2392104875533952	0.8528138528138528
0.23997152256100554	0.8528138528138528
0.24060980998674325	0.8528138528138528
0.2411989983797319	0.8528138528138528
0.2418863848382187	0.8528138528138528
0.24245102371483282	0.8528138528138528
0.24321205872244317	0.8528138528138528
0.24372759856630824	0.8528138528138528
0.24434133647567144	0.8528138528138528
0.2449305248686601	0.8528138528138528
0.2459125055236412	0.8528138528138528
0.2466244414985025	0.8528138528138528
0.24748367457161094	0.8528138528138528
0.24802376393185055	0.8528138528138528
0.24883389797220995	0.8528138528138528
0.2495212844306967	0.8528138528138528
0.25035596798743065	0.854978354978355
0.2509942554131684	0.854978354978355
0.25182893896990227	0.854978354978355
0.25263907301026167	0.854978354978355
0.2534246575342466	0.854978354978355
0.2544311877056022	0.854978354978355
0.25538861884420877	0.854978354978355
0.25610055481907007	0.854978354978355
0.25664064417930965	0.854978354978355
0.25725438208867285	0.854978354978355
0.2578435704816615	0.854978354978355
0.2584573083910247	0.854978354978355
0.25934109098050767	0.854978354978355
0.26010212598811805	0.854978354978355
0.26083861147935383	0.8571428571428571
0.26155054745421513	0.8571428571428571
0.26236068149457453	0.8571428571428571
0.2630235184366868	0.8571428571428571
0.26353905828055185	0.8571428571428571
0.26432464280453677	0.8571428571428571
0.26506112829577255	0.8571428571428571
0.2656503166887612	0.8571428571428571
0.26638680217999705	0.8571428571428571
0.26692689154023663	0.8571428571428571
0.2677370255805961	0.8571428571428571
0.26857170913733	0.8571428571428571
0.26928364511219127	0.8571428571428571
0.269921932537929	0.8571428571428571
0.27041292286541957	0.8571428571428571
0.27119850738940443	0.8571428571428571
0.2718858938478912	0.8593073593073594
0.2724996317572544	0.8593073593073594
0.2730642706338685	0.8593073593073594
0.2737762066087298	0.8593073593073594
0.27441449403446755	0.8593073593073594
0.2750282319438307	0.8593073593073594
0.2754946727549467	0.8593073593073594
0.276157509697059	0.8614718614718615
0.2768203466391712	0.8614718614718615
0.27728678745028723	0.8614718614718615
0.2778268768105268	0.8614718614718615
0.27844061471989	0.8614718614718615
0.2791525506947513	0.8614718614718615
0.27983993715323807	0.8614718614718615
0.2804782245789758	0.8614718614718615
0.28114106152108803	0.8614718614718615
0.28187754701232387	0.8636363636363636
0.28258948298718517	0.8636363636363636
0.2831541218637993	0.8636363636363636
0.2839642559041587	0.8636363636363636
0.28474984042814355	0.8636363636363636
0.28546177640300485	0.8636363636363636
0.2863946580252369	0.8636363636363636
0.2872784406147199	0.8636363636363636
0.28786762900770857	0.8636363636363636
0.2885304659498208	0.8636363636363636
0.28941424853930375	0.8658008658008658
0.29012618451416505	0.8658008658008658
0.29093631855452445	0.8658008658008658
0.29155005646388765	0.8679653679653679
0.29216379437325085	0.8679653679653679
0.2926547847007414	0.8679653679653679
0.29326852261010455	0.8679653679653679
0.2941768547159621	0.8679653679653679
0.29486424117444887	0.8679653679653679
0.2955270781165611	0.8679653679653679
0.2963372121569205	0.8679653679653679
0.29700004909903277	0.8679653679653679
0.297662886041145	0.8679653679653679
0.29830117346688273	0.8679653679653679
0.2988412628271223	0.8679653679653679
0.2996268473511072	0.8679653679653679
0.30024058526047037	0.8679653679653679
0.3010752688172043	0.8679653679653679
0.3017872047920656	0.8679653679653679
0.30254823979967593	0.8679653679653679
0.3032356262581627	0.8679653679653679
0.30399666126577307	0.8679653679653679
0.30448765159326363	0.8679653679653679
0.3051013895026268	0.8679653679653679
0.3058869740266117	0.8679653679653679
0.30657436048509845	0.8679653679653679
0.3071635488780871	0.8679653679653679
0.30772818775470123	0.8679653679653679
0.3084892227623116	0.8679653679653679
0.30925025776992193	0.8679653679653679
0.3098394461629106	0.8679653679653679
0.3106004811705209	0.8679653679653679
0.3112142190798841	0.8679653679653679
0.31185250650562185	0.8679653679653679
0.3125153434477341	0.8679653679653679
0.3131536308734718	0.8701298701298701
0.3140374134629548	0.8701298701298701
0.3145775028231944	0.8701298701298701
0.31533853783080473	0.8701298701298701
0.31617322138753867	0.8701298701298701
0.3166887612314037	0.8701298701298701
0.317351598173516	0.8701298701298701
0.31784258850100655	0.8701298701298701
0.3182599302793735	0.8701298701298701
0.3188736681887367	0.8701298701298701
0.3194874060980999	0.8701298701298701
0.32017479255658665	0.8701298701298701
0.3207639809495753	0.8701298701298701
0.32137771885893845	0.8701298701298701
0.3223842490302941	0.8701298701298701
0.32294888790690823	0.8701298701298701
0.32361172484902045	0.8701298701298701
0.32427456179113273	0.8701298701298701
0.3249128492168704	0.8701298701298701
0.32547748809348453	0.8701298701298701
0.32594392890460056	0.8701298701298701
0.3268768105268326	0.8701298701298701
0.32746599891982126	0.8701298701298701
0.3282761329601807	0.8722943722943723
0.3290862670005401	0.8722943722943723
0.32977365345902687	0.8722943722943723
0.3307065350812589	0.8722943722943723
0.3314921196052438	0.8722943722943723
0.33208130799823243	0.8722943722943723
0.3325231992929739	0.8722943722943723
0.33308783816958804	0.8722943722943723
0.33387342269357295	0.8722943722943723
0.3347326557666814	0.8722943722943723
0.3352481956105465	0.8722943722943723
0.3359846811017823	0.8722943722943723
0.3366966170766436	0.8722943722943723
0.3373840035351304	0.8744588744588745
0.33787499386262093	0.8744588744588745
0.3385132812883586	0.8744588744588745
0.3392252172632199	0.8744588744588745
0.33978985613983403	0.8744588744588745
0.3404526930819463	0.8744588744588745
0.34116462905680756	0.8744588744588745
0.34182746599891983	0.8744588744588745
0.34249030294103205	0.8744588744588745
0.34325133794864243	0.8744588744588745
0.34381597682525655	0.8744588744588745
0.3443315166691216	0.8744588744588745
0.34482250699661215	0.8744588744588745
0.3453134973241027	0.8744588744588745
0.3457553886188442	0.8744588744588745
0.3463691265282074	0.8744588744588745
0.34715471105219226	0.8744588744588745
0.3477438994451809	0.8766233766233766
0.348259439289046	0.8766233766233766
0.34872588010016203	0.8766233766233766
0.3493150684931507	0.8766233766233766
0.34973241027151764	0.8766233766233766
0.3503215986645063	0.8766233766233766
0.35081258899199685	0.8766233766233766
0.35142632690136005	0.8766233766233766
0.35186821819610153	0.8766233766233766
0.35238375803996663	0.8766233766233766
0.3528256493347081	0.8766233766233766
0.35339028821132223	0.8766233766233766
0.3538321795060637	0.8766233766233766
0.35429862031717974	0.8766233766233766
0.35486325919379386	0.8766233766233766
0.35562429420140423	0.8766233766233766
0.35623803211076743	0.8787878787878788
0.35690086905287965	0.8787878787878788
0.35751460696224285	0.8787878787878788
0.35815289438798054	0.8787878787878788
0.3587911818137183	0.8787878787878788
0.35933127117395786	0.8809523809523809
0.35999410811607013	0.8809523809523809
0.36065694505818235	0.8809523809523809
0.361246133451171	0.8809523809523809
0.36171257426228703	0.8809523809523809
0.36217901507340305	0.8809523809523809
0.36298914911376245	0.8809523809523809
0.3635783375067511	0.8809523809523809
0.36414297638336524	0.8809523809523809
0.3649040113909756	0.8809523809523809
0.36541955123484066	0.8809523809523809
0.36603328914420385	0.8809523809523809
0.3668188736681887	0.8809523809523809
0.3673835125448029	0.8809523809523809
0.36789905238866794	0.8809523809523809
0.3684882407816566	0.8809523809523809
0.3689055825600236	0.8809523809523809
0.3696666175676339	0.8809523809523809
0.3705749496734914	0.8809523809523809
0.37131143516472725	0.8809523809523809
0.371949722590465	0.8809523809523809
0.3725880100162027	0.8809523809523809
0.3732017479255659	0.8809523809523809
0.37369273825305643	0.8809523809523809
0.3744292237442922	0.8831168831168831
0.3751902587519026	0.8831168831168831
0.376000392792262	0.8831168831168831
0.3765404821525016	0.8831168831168831
0.37722786861098834	0.8831168831168831
0.37784160652035154	0.8831168831168831
0.3785289929788383	0.8831168831168831
0.37897088427357983	0.8831168831168831
0.3795600726665685	0.8831168831168831
0.38017381057593164	0.8852813852813853
0.3807138999361713	0.8852813852813853
0.38125398929641086	0.8852813852813853
0.38196592527127216	0.8852813852813853
0.3828006088280061	0.8852813852813853
0.383168851573624	0.8874458874458875
0.38383168851573624	0.8874458874458875
0.3846663720724702	0.8874458874458875
0.38515736239996073	0.8874458874458875
0.38586929837482203	0.8874458874458875
0.3868021799970541	0.8874458874458875
0.38744046742279176	0.8874458874458875
0.38820150243040213	0.8874458874458875
0.3888888888888889	0.8874458874458875
0.389453527765503	0.8874458874458875
0.39009181519124075	0.8874458874458875
0.3909510482643492	0.8874458874458875
0.39163843472283594	0.8874458874458875
0.39232582118132275	0.8874458874458875
0.3928904600579369	0.8896103896103896
0.3935532970000491	0.8896103896103896
0.3940933863602887	0.8896103896103896
0.39490352040064813	0.8896103896103896
0.3954436097608877	0.8896103896103896
0.3959591496047528	0.8896103896103896
0.39642559041586883	0.8896103896103896
0.39708842735798106	0.8896103896103896
0.39762851671822064	0.8896103896103896
0.3983159031767074	0.8896103896103896
0.39890509156969606	0.8896103896103896
0.3993469828644376	0.8896103896103896
0.39993617125742625	0.8896103896103896
0.4004026120685423	0.8917748917748918
0.40094270142878186	0.8917748917748918
0.40155643933814505	0.8917748917748918
0.402391122894879	0.8917748917748918
0.40290666273874404	0.8917748917748918
0.40347130161535816	0.8917748917748918
0.4039377424264742	0.8917748917748918
0.4044778317867138	0.8917748917748918
0.40499337163057886	0.8917748917748918
0.4057789561545638	0.8917748917748918
0.40646634261305054	0.8939393939393939
0.40685913487504294	0.8939393939393939
0.40732557568615896	0.8939393939393939
0.4078165660136495	0.8939393939393939
0.4083075563411401	0.8939393939393939
0.4089458437668778	0.8939393939393939
0.4095350321598665	0.8961038961038961
0.410026022487357	0.8961038961038961
0.4104679137820985	0.8961038961038961
0.41098345362596356	0.8961038961038961
0.41169538960082486	0.8961038961038961
0.4124809741248097	0.8982683982683982
0.4130456130014239	0.8982683982683982
0.4134875042961654	0.8982683982683982
0.4141503412382776	0.8982683982683982
0.4145922325330191	0.8982683982683982
0.4150095743113861	0.8982683982683982
0.4157215102862474	0.8982683982683982
0.4163843472283596	0.9004329004329005
0.4168507880394756	0.9004329004329005
0.41712083271959544	0.9025974025974026
0.4177100211125841	0.9047619047619048
0.4181519124073256	0.9047619047619048
0.4188147493494378	0.9069264069264069
0.419379388226052	0.9069264069264069
0.4200913242009132	0.9069264069264069
0.4204104679137821	0.9090909090909091
0.4208523592085236	0.9090909090909091
0.4213678990523887	0.9090909090909091
0.42215348357637356	0.9090909090909091
0.4227426719693622	0.9090909090909091
0.4233318603623509	0.9090909090909091
0.4241665439190848	0.9090909090909091
0.4246575342465753	0.9090909090909091
0.4252712721559385	0.9090909090909091
0.42610595571267246	0.9090909090909091
0.4265723965237885	0.9090909090909091
0.42711248588402806	0.9090909090909091
0.4277998723425149	0.9090909090909091
0.428364511219129	0.9090909090909091
0.42895369961211766	0.9090909090909091
0.42939559090685914	0.9090909090909091
0.4299847792998478	0.9112554112554112
0.43057396769283646	0.9112554112554112
0.43118770560219966	0.9112554112554112
0.4319732901261845	0.9112554112554112
0.4326852261010458	0.9112554112554112
0.433298964010409	0.9112554112554112
0.43381450385427406	0.9112554112554112
0.434600088378259	0.9112554112554112
0.4351647272548731	0.9112554112554112
0.435532970000491	0.9112554112554112
0.43595031177885796	0.9134199134199135
0.4363185545244759	0.9134199134199135
0.4368340943683409	0.9155844155844156
0.4374232827613296	0.9155844155844156
0.4378406245396966	0.9155844155844156
0.4385525605145579	0.9155844155844156
0.43919084794029556	0.9155844155844156
0.4397554868169097	0.9155844155844156
0.44005008101340404	0.9155844155844156
0.44051652182452006	0.9155844155844156
0.4412039082830068	0.9155844155844156
0.4417194481268719	0.9155844155844156
0.4423577355526096	0.9155844155844156
0.4427750773309766	0.9155844155844156
0.4434870133058379	0.9155844155844156
0.4439289046005794	0.9155844155844156
0.44441989492806994	0.9155844155844156
0.44513183090293124	0.9177489177489178
0.4457455688122944	0.9177489177489178
0.4464820543035302	0.9177489177489178
0.4470221436637698	0.9177489177489178
0.44761133205675846	0.9177489177489178
0.4480777728678745	0.9177489177489178
0.4485442136789905	0.9177489177489178
0.4488879069082339	0.9177489177489178
0.4495016448175971	0.9177489177489178
0.44994353611233856	0.9177489177489178
0.4504836254725782	0.9199134199134199
0.45117101193106496	0.9199134199134199
0.4518092993568027	0.9199134199134199
0.452570334364413	0.9199134199134199
0.4531104237246526	0.9199134199134199
0.4536750626012668	0.9199134199134199
0.4542888005106299	0.9199134199134199
0.4548534393872441	0.9199134199134199
0.4553198801983601	0.9199134199134199
0.45583542004222516	0.9199134199134199
0.4564737074679629	0.922077922077922
0.4570137968282025	0.9242424242424242
0.45730839102469684	0.9242424242424242
0.45787302990131096	0.9242424242424242
0.45841311926155054	0.9242424242424242
0.458855010556292	0.9242424242424242
0.45939509991653166	0.9242424242424242
0.4599106397603967	0.9242424242424242
0.4604752786370109	0.9242424242424242
0.46121176412824666	0.9242424242424242
0.46172730397211176	0.9242424242424242
0.46207099720135514	0.9264069264069265
0.46278293317621644	0.9285714285714286
0.4633721215692051	0.9307359307359307
0.4638385623803211	0.9307359307359307
0.4643786517405607	0.9307359307359307
0.46491874110080034	0.9307359307359307
0.4653606323955418	0.9307359307359307
0.46572887514115974	0.9307359307359307
0.4659989198212795	0.9307359307359307
0.46653900918151914	0.9307359307359307
0.4671772966072568	0.9307359307359307
0.4675209898365002	0.9307359307359307
0.4679874306476162	0.9307359307359307
0.4686011685569794	0.9307359307359307
0.46914125791721906	0.9307359307359307
0.46963224824470956	0.9307359307359307
0.470025040506702	0.9307359307359307
0.47058967938331614	0.9307359307359307
0.47100702116168314	0.9329004329004329
0.4712770658418029	0.9329004329004329
0.471792605685668	0.9329004329004329
0.4723572445622821	0.9329004329004329
0.47272548730790004	0.9329004329004329
0.4730446310207689	0.9329004329004329
0.4734619727991359	0.9329004329004329
0.47390386409387736	0.9329004329004329
0.4744194039377424	0.9329004329004329
0.47495949329798204	0.9329004329004329
0.475376835076349	0.9329004329004329
0.47596602346933764	0.9329004329004329
0.4763588157313301	0.9329004329004329
0.4769725536406933	0.9329004329004329
0.477610841066431	0.9329004329004329
0.4781263809102961	0.9329004329004329
0.47861737123778664	0.9329004329004329
0.47901016349977904	0.9329004329004329
0.4797466489910149	0.9329004329004329
0.48043403544950164	0.935064935064935
0.48080227819511956	0.9372294372294372
0.48134236755535914	0.9372294372294372
0.4817842588501007	0.9372294372294372
0.48237344724308934	0.9372294372294372
0.4828153385378308	0.9372294372294372
0.4833063288653214	0.9372294372294372
0.48384641822556096	0.9372294372294372
0.4844847056512987	0.9372294372294372
0.4849511464624147	0.9372294372294372
0.4853439387244071	0.9372294372294372
0.48581037953552314	0.9372294372294372
0.48608042421564296	0.9372294372294372
0.4864732164776354	0.9372294372294372
0.4869642068051259	0.9372294372294372
0.4875533951981146	0.9372294372294372
0.48789708842735796	0.9372294372294372
0.488363529238474	0.9372294372294372
0.48892816811508816	0.9372294372294372
0.4894928069917023	0.9372294372294372
0.48998379731919284	0.9372294372294372
0.49054843619580696	0.9372294372294372
0.49099032749054844	0.9372294372294372
0.491530416850788	0.9372294372294372
0.49197230814552956	0.9372294372294372
0.49261059557126724	0.9372294372294372
0.49317523444788136	0.9372294372294372
0.4935434771934993	0.9372294372294372
0.4940590170373644	0.9372294372294372
0.49450090833210586	0.9372294372294372
0.4949182501104728	0.9372294372294372
0.49521284430696716	0.9372294372294372
0.4957283841508322	0.9372294372294372
0.49612117641282466	0.9372294372294372
0.4963912210929445	0.9372294372294372
0.4967594638385624	0.9372294372294372
0.49717680561692934	0.9372294372294372
0.4974959493297982	0.9372294372294372
0.4978641920754161	0.9372294372294372
0.498183335788285	0.9372294372294372
0.49850247950115384	0.9372294372294372
0.4989198212795208	0.9372294372294372
0.49936171257426226	0.9372294372294372
0.4998527029017528	0.9372294372294372
0.5002454951637453	0.9372294372294372
0.5005646388766142	0.9372294372294372
0.500883782589483	0.9372294372294372
0.501350223400599	0.9372294372294372
0.501816664211715	0.9372294372294372
0.5023076545392056	0.9372294372294372
0.502651347768449	0.9372294372294372
0.5030686895468159	0.9372294372294372
0.5033878332596848	0.9372294372294372
0.5037806255216772	0.9372294372294372
0.5042716158491678	0.9372294372294372
0.5048117052094073	0.9372294372294372
0.5051799479550253	0.9372294372294372
0.5056463887661413	0.9393939393939394
0.5061373790936319	0.9393939393939394
0.5065547208719988	0.9393939393939394
0.5068002160357441	0.9393939393939394
0.5070457111994894	0.9393939393939394
0.5073648549123583	0.9393939393939394
0.5077821966907252	0.9415584415584416
0.5081995384690922	0.9415584415584416
0.5088623754112044	0.9415584415584416
0.5092797171895713	0.9415584415584416
0.5096725094515638	0.9415584415584416
0.5099916531644326	0.9415584415584416
0.5103844454264251	0.9415584415584416
0.5107281386556685	0.9415584415584416
0.5111700299504099	0.9415584415584416
0.5117101193106496	0.9415584415584416
0.5118819659252712	0.9415584415584416
0.5123484067363873	0.9415584415584416
0.5127902980311287	0.9415584415584416
0.5130603427112486	0.9415584415584416
0.5134531349732411	0.9415584415584416
0.5138950262679826	0.9415584415584416
0.5143860165954731	0.9415584415584416
0.5147051603083419	0.9415584415584416
0.5151470516030834	0.9415584415584416
0.5155152943487014	0.9415584415584416
0.5157607895124466	0.9415584415584416
0.5161290322580645	0.9437229437229437
0.5163745274218098	0.9437229437229437
0.5167918692001767	0.9437229437229437
0.5172337604949182	0.9437229437229437
0.5177493003387833	0.9437229437229437
0.5181175430844013	0.9437229437229437
0.5184121372808955	0.9437229437229437
0.518854028575637	0.9458874458874459
0.519222271321255	0.9458874458874459
0.5196641626159965	0.9458874458874459
0.5203024500417341	0.9458874458874459
0.5207197918201012	0.9458874458874459
0.5211862326312172	0.9458874458874459
0.5215544753768351	0.9458874458874459
0.5218245200569549	0.948051948051948
0.5222418618353218	0.948051948051948
0.5226837531300633	0.948051948051948
0.5231747434575539	0.948051948051948
0.5234693376540482	0.948051948051948
0.5239357784651643	0.948051948051948
0.5244267687926548	0.948051948051948
0.5248195610546472	0.948051948051948
0.5253105513821378	0.948051948051948
0.5257033436441302	0.948051948051948
0.5260224873569991	0.948051948051948
0.5265380272008642	0.948051948051948
0.5269553689792311	0.948051948051948
0.5272990622084744	0.948051948051948
0.527740953503216	0.948051948051948
0.5279864486669612	0.948051948051948
0.5283546914125792	0.948051948051948
0.5288456817400697	0.948051948051948
0.5293121225511858	0.948051948051948
0.5297785633623018	0.948051948051948
0.5302450041734178	0.948051948051948
0.5305641478862866	0.948051948051948
0.5308587420827809	0.948051948051948
0.5310551382137771	0.948051948051948
0.5313988314430206	0.948051948051948
0.5317425246722639	0.948051948051948
0.5320125693523837	0.948051948051948
0.5323808120980017	0.948051948051948
0.5326508567781215	0.948051948051948
0.5329945500073648	0.948051948051948
0.5332891442038592	0.948051948051948
0.533976530662346	0.948051948051948
0.534442971473462	0.948051948051948
0.5350076103500762	0.948051948051948
0.5354986006775666	0.948051948051948
0.53584229390681	0.948051948051948
0.5360386900378062	0.948051948051948
0.5364560318161732	0.948051948051948
0.5369961211764128	0.948051948051948
0.5373889134384052	0.948051948051948
0.5378062552167723	0.948051948051948
0.5381990474787647	0.948051948051948
0.5385181911916336	0.948051948051948
0.5387882358717533	0.948051948051948
0.5391810281337458	0.948051948051948
0.5394510728138656	0.948051948051948
0.5397702165267344	0.948051948051948
0.5400402612068542	0.948051948051948
0.5406785486325919	0.948051948051948
0.5408258457308391	0.948051948051948
0.5411695389600825	0.948051948051948
0.5414395836402023	0.948051948051948
0.5418078263858201	0.948051948051948
0.5422006186478127	0.9502164502164502
0.5425197623606814	0.9502164502164502
0.5428389060735503	0.9502164502164502
0.5431580497864192	0.9502164502164502
0.543477193499288	0.9502164502164502
0.543845436244906	0.9502164502164502
0.5441645799577748	0.9502164502164502
0.5445819217361418	0.9502164502164502
0.5450974615800068	0.9502164502164502
0.5454657043256248	0.9502164502164502
0.5456866499729955	0.9502164502164502
0.5460057936858644	0.9502164502164502
0.5463740364314823	0.9502164502164502
0.5468650267589729	0.9502164502164502
0.5473069180537143	0.9502164502164502
0.5475033141847105	0.9502164502164502
0.547896106446703	0.9523809523809523
0.5483870967741935	0.9523809523809523
0.548779889036186	0.9523809523809523
0.5493936269455492	0.9523809523809523
0.5499091667894143	0.9523809523809523
0.550130112436785	0.9523809523809523
0.5506211027642756	0.9523809523809523
0.551013895026268	0.9523809523809523
0.5513330387391369	0.9523809523809523
0.5519222271321255	0.9523809523809523
0.5522659203613689	0.9523809523809523
0.5525850640742377	0.9523809523809523
0.552830559237983	0.9545454545454546
0.5531742524672264	0.9545454545454546
0.5534442971473462	0.9545454545454546
0.553763440860215	0.9567099567099567
0.5540089360239603	0.9567099567099567
0.5544262778023273	0.9567099567099567
0.5547945205479452	0.9567099567099567
0.5550891147444396	0.9567099567099567
0.5554328079736829	0.9567099567099567
0.5556537536210536	0.9567099567099567
0.5560710953994207	0.9567099567099567
0.5565129866941622	0.9567099567099567
0.5567339323415329	0.9567099567099567
0.5569794275052782	0.9567099567099567
0.5572003731526489	0.9567099567099567
0.5576177149310159	0.9567099567099567
0.5580841557421319	0.9567099567099567
0.5585260470368734	0.9567099567099567
0.5589679383316148	0.9567099567099567
0.5592870820444837	0.9567099567099567
0.5596553247901016	0.9567099567099567
0.5598271714047234	0.9567099567099567
0.5602690626994649	0.9567099567099567
0.5606127559287082	0.9567099567099567
0.5608582510924535	0.9567099567099567
0.5609809986743262	0.9567099567099567
0.5612510433544459	0.9567099567099567
0.5615456375509402	0.9567099567099567
0.561766583198311	0.9567099567099567
0.5619138802965582	0.9567099567099567
0.5621839249766779	0.9567099567099567
0.5625276182059213	0.9567099567099567
0.5627976628860412	0.9567099567099567
0.5631904551480336	0.9567099567099567
0.563583247410026	0.9567099567099567
0.5640251387047676	0.9567099567099567
0.5643442824176363	0.9567099567099567
0.5647125251632543	0.9567099567099567
0.5651544164579958	0.9567099567099567
0.5655472087199882	0.9567099567099567
0.5659154514656062	0.9567099567099567
0.5661363971129769	0.9567099567099567
0.5664064417930966	0.9567099567099567
0.5669219816369617	0.9567099567099567
0.5671920263170815	0.9567099567099567
0.5674866205135759	0.961038961038961
0.5677812147100703	0.961038961038961
0.5681740069720627	0.961038961038961
0.568468601168557	0.961038961038961
0.5689104924632985	0.961038961038961
0.56935238375804	0.961038961038961
0.5695978789217853	0.961038961038961
0.569917022634654	0.961038961038961
0.5703098148966466	0.961038961038961
0.5707762557077626	0.961038961038961
0.5711444984533804	0.961038961038961
0.571635488780871	0.961038961038961
0.572101929591987	0.961038961038961
0.572519271370354	0.961038961038961
0.5727156675013503	0.961038961038961
0.5730839102469681	0.961038961038961
0.5735503510580842	0.961038961038961
0.5738694947709531	0.961038961038961
0.5741640889674473	0.961038961038961
0.5745323317130653	0.961038961038961
0.5749496734914322	0.961038961038961
0.5752442676879266	0.961038961038961
0.5756125104335444	0.961038961038961
0.5760544017282859	0.961038961038961
0.5763980949575294	0.961038961038961
0.5767663377031472	0.961038961038961
0.577036382383267	0.961038961038961
0.5772818775470123	0.961038961038961
0.5775764717435067	0.961038961038961
0.57792016497275	0.961038961038961
0.5781902096528698	0.961038961038961
0.5785584523984878	0.961038961038961
0.5789757941768547	0.961038961038961
0.5793931359552217	0.961038961038961
0.5796631806353415	0.961038961038961
0.5799086757990868	0.961038961038961
0.5803260175774537	0.961038961038961
0.5806451612903226	0.961038961038961
0.5808661069376934	0.961038961038961
0.5811607011341876	0.961038961038961
0.581504394363431	0.961038961038961
0.5818235380762999	0.961038961038961
0.582289978887416	0.961038961038961
0.5827318701821574	0.961038961038961
0.5831737614768989	0.961038961038961
0.5835911032552659	0.961038961038961
0.583738400353513	0.961038961038961
0.5840084450336328	0.961038961038961
0.5844257868119999	0.961038961038961
0.584573083910247	0.961038961038961
0.5848922276231159	0.9632034632034632
0.5852850198851083	0.9632034632034632
0.5856041635979771	0.9632034632034632
0.5858987577944714	0.9632034632034632
0.5862424510237149	0.9632034632034632
0.5867088918348309	0.9632034632034632
0.5869789365149507	0.9632034632034632
0.587273530711445	0.9632034632034632
0.5876663229734375	0.9632034632034632
0.5878872686208082	0.9653679653679653
0.5883782589482988	0.9653679653679653
0.5888201502430402	0.9653679653679653
0.5892374920214072	0.9653679653679653
0.5895811852506505	0.9653679653679653
0.5898757794471449	0.9653679653679653
0.5900721755781411	0.9653679653679653
0.590440418323759	0.9653679653679653
0.5908332105857514	0.9653679653679653
0.5910787057494967	0.9653679653679653
0.5912260028477438	0.9653679653679653
0.5915205970442382	0.9653679653679653
0.5920361368881033	0.9653679653679653
0.592207983502725	0.9653679653679653
0.5926253252810919	0.9653679653679653
0.5930181175430844	0.9653679653679653
0.5933127117395788	0.9653679653679653
0.5936564049688221	0.9653679653679653
0.5939264496489419	0.9675324675324676
0.5943683409436834	0.9675324675324676
0.5947856827220503	0.9718614718614719
0.5952275740167918	0.9718614718614719
0.5953994206314136	0.9718614718614719
0.5956694653115333	0.9718614718614719
0.5960131585407767	0.9718614718614719
0.596209554671773	0.9718614718614719
0.5965041488682673	0.9718614718614719
0.5968969411302597	0.9718614718614719
0.5971178867776304	0.9718614718614719
0.597510679039623	0.9718614718614719
0.5978298227524917	0.9718614718614719
0.598075317916237	0.9718614718614719
0.5982717140472332	0.9718614718614719
0.5985172092109785	0.974025974025974
0.5987381548583492	0.974025974025974
0.5989836500220945	0.974025974025974
0.5992045956694653	0.974025974025974
0.599425541316836	0.974025974025974
0.5998674326115776	0.974025974025974
0.6000392792261993	0.9761904761904762
0.6003093239063191	0.9761904761904762
0.6004811705209407	0.9761904761904762
0.6006530171355624	0.9761904761904762
0.6009967103648058	0.9761904761904762
0.6012176560121766	0.9761904761904762
0.6014877006922964	0.9761904761904762
0.6017086463396671	0.9761904761904762
0.6018804929542888	0.9761904761904762
0.6021014386016595	0.9761904761904762
0.6023223842490303	0.9761904761904762
0.6026660774782737	0.9761904761904762
0.602911572642019	0.9761904761904762
0.6030834192566407	0.9761904761904762
0.6033289144203859	0.9761904761904762
0.6036726076496293	0.9761904761904762
0.6039426523297491	0.9761904761904762
0.6042372465262434	0.9761904761904762
0.6046545883046104	0.9761904761904762
0.604826434919232	0.9761904761904762
0.6051210291157264	0.9761904761904762
0.6052437766975991	0.9761904761904762
1.0	1.0
